,2*spin,3*charge,PythiaId,id,lifetime*c/mm,mass/GeV,max_Dm/GeV,name,width/GeV
0,8,3,0,329,0.0000000e+00,2.0450000e+00,2.0000000e-01,K_4*+,1.9800000e-01
1,2,0,110553,110553,0.0000000e+00,1.0255000e+01,0.0000000e+00,h_b(2P),0.0000000e+00
2,1,-1,5,5,0.0000000e+00,5.0000000e+00,0.0000000e+00,b,0.0000000e+00
3,1,0,-12,-12,0.0000000e+00,0.0000000e+00,0.0000000e+00,anti-nu_e,0.0000000e+00
4,4,0,425,425,0.0000000e+00,2.4626000e+00,3.0900000e-01,D_2*0,4.9000000e-02
5,2,0,553,553,0.0000000e+00,9.4603000e+00,5.0000000e-04,Upsilon,5.4020000e-05
6,2,0,-20513,-20513,0.0000000e+00,5.7570000e+00,2.0000000e-01,anti-B'_10,2.5027080e-01
7,0,0,-311,-311,0.0000000e+00,4.9761400e-01,0.0000000e+00,anti-K0,0.0000000e+00
8,1,0,0,13122,0.0000000e+00,1.4051000e+00,7.0000000e-02,Lambda(1405)0,5.0500000e-02
9,2,3,323,323,0.0000000e+00,8.9166000e-01,2.3000000e-01,K*+,5.0800000e-02
10,1,3,-11,-11,0.0000000e+00,5.1099893e-04,0.0000000e+00,e+,0.0000000e+00
11,0,0,0,510,4.5718350e-01,5.2795300e+00,0.0000000e+00,B0H,0.0000000e+00
12,4,-3,-325,-325,0.0000000e+00,1.4256000e+00,7.0000000e-01,K_2*-,9.8500000e-02
13,2,0,20513,20513,0.0000000e+00,5.7570000e+00,2.0000000e-01,B'_10,2.5027080e-01
14,0,-3,-321,-321,3.7114306e+03,4.9367700e-01,0.0000000e+00,K-,0.0000000e+00
15,4,0,110555,110555,0.0000000e+00,1.0441000e+01,0.0000000e+00,eta_b2(2D),0.0000000e+00
16,2,0,0,100313,0.0000000e+00,1.4140000e+00,6.0000000e-01,K'*0,2.3200000e-01
17,2,0,10533,10533,0.0000000e+00,5.8310000e+00,1.0000000e-02,B_s10,3.9891649e-02
18,0,0,310,310,2.6840419e+01,4.9761400e-01,0.0000000e+00,K_S0,0.0000000e+00
19,2,0,130553,130553,0.0000000e+00,1.0434900e+01,0.0000000e+00,Upsilon_1(2D),0.0000000e+00
20,0,-3,-10521,-10521,0.0000000e+00,5.7380000e+00,2.0000000e-01,B_0*-,1.4993444e-01
21,2,0,20423,20423,0.0000000e+00,2.4450000e+00,3.0000000e-01,D'_10,2.5027080e-01
22,0,3,521,521,4.9106005e-01,5.2792600e+00,0.0000000e+00,B+,0.0000000e+00
23,0,3,10521,10521,0.0000000e+00,5.7380000e+00,2.0000000e-01,B_0*+,1.4993444e-01
24,3,-3,5114,5114,0.0000000e+00,5.8351000e+00,0.0000000e+00,Sigma_b*-,7.5000000e-03
25,1,0,0,-13122,0.0000000e+00,1.4051000e+00,7.0000000e-02,anti-Lambda(1405)0,5.0500000e-02
26,2,0,-10533,-10533,0.0000000e+00,5.8310000e+00,1.0000000e-02,anti-B_s10,3.9891649e-02
27,0,0,0,150,4.5718350e-01,5.2795300e+00,0.0000000e+00,B0L,0.0000000e+00
28,0,0,-10511,-10511,0.0000000e+00,5.7380000e+00,2.0000000e-01,anti-B_0*0,1.4993444e-01
29,1,0,0,-13212,0.0000000e+00,1.6600000e+00,4.0000000e-01,anti-Sigma(1660)0,1.0000000e-01
30,1,0,5232,5232,4.2570529e-01,5.7931000e+00,0.0000000e+00,Xi_b0,0.0000000e+00
31,4,-3,-415,-415,0.0000000e+00,2.4643000e+00,3.1200000e-01,D_2*-,3.7000000e-02
32,2,-3,-10213,-10213,0.0000000e+00,1.2295000e+00,2.5000000e-01,b_1-,1.4200000e-01
33,2,0,313,313,0.0000000e+00,8.9581000e-01,2.3000000e-01,K*0,4.7400000e-02
34,2,0,0,-100313,0.0000000e+00,1.4140000e+00,6.0000000e-01,anti-K'*0,2.3200000e-01
35,1,0,0,-23122,0.0000000e+00,1.6000000e+00,2.5000000e-01,anti-Lambda(1600)0,1.5000000e-01
36,2,3,20523,20523,0.0000000e+00,5.7570000e+00,2.0000000e-01,B'_1+,2.5027080e-01
37,1,-3,15,15,8.7119688e-02,1.7768200e+00,0.0000000e+00,tau-,0.0000000e+00
38,2,0,20333,20333,0.0000000e+00,1.4264000e+00,1.0000000e-01,f'_1,5.4900000e-02
39,0,-3,0,-100411,0.0000000e+00,2.5800000e+00,0.0000000e+00,D(2S)-,0.0000000e+00
40,4,-3,-435,-435,0.0000000e+00,2.5719000e+00,6.0000000e-02,D_s2*-,1.7000000e-02
41,1,0,2112,2112,2.6552618e+14,9.3956538e-01,0.0000000e+00,n0,0.0000000e+00
42,3,3,-3314,-3314,0.0000000e+00,1.5350000e+00,5.0000000e-02,anti-Xi*+,9.9000000e-03
43,2,-3,-413,-413,0.0000000e+00,2.0102600e+00,4.0000000e-04,D*-,8.3400000e-05
44,2,3,20213,20213,0.0000000e+00,1.2300000e+00,6.0000000e-01,a_1+,4.2000000e-01
45,2,3,413,413,0.0000000e+00,2.0102600e+00,4.0000000e-04,D*+,8.3400000e-05
46,0,0,82,82,0.0000000e+00,0.0000000e+00,0.0000000e+00,rndmflav,0.0000000e+00
47,2,-4,-2203,-2203,0.0000000e+00,0.0000000e+00,0.0000000e+00,anti-uu_1,0.0000000e+00
48,1,-2,-4,-4,0.0000000e+00,1.3500000e+00,0.0000000e+00,anti-c,0.0000000e+00
49,2,0,0,9000553,0.0000000e+00,1.0876000e+01,1.6500000e+00,Upsilon(5S),5.5000000e-02
50,1,6,4422,4422,1.0000000e-01,3.5979800e+00,0.0000000e+00,Xi_cc++,0.0000000e+00
51,0,-3,-541,-541,1.3490661e-01,6.2756000e+00,0.0000000e+00,B_c-,0.0000000e+00
52,3,3,-3114,-3114,0.0000000e+00,1.3872000e+00,4.0000000e-02,anti-Sigma*+,3.9400000e-02
53,0,1,0,-87,0.0000000e+00,4.0000000e+02,0.0000000e+00,anti-b'-hadron,0.0000000e+00
54,2,0,30553,30553,0.0000000e+00,1.0163700e+01,0.0000000e+00,Upsilon_1(1D),0.0000000e+00
55,0,0,100441,100441,0.0000000e+00,3.6394000e+00,2.0000000e-02,eta_c(2S),1.1300000e-02
56,3,-3,-2214,-2214,0.0000000e+00,1.2320000e+00,1.4000000e-01,anti-Delta-,1.1700000e-01
57,0,0,-10421,-10421,0.0000000e+00,2.3180000e+00,2.9900000e-01,anti-D_0*0,2.6700000e-01
58,1,0,-18,-18,0.0000000e+00,0.0000000e+00,0.0000000e+00,anti-nu_L,0.0000000e+00
59,5,0,0,13126,0.0000000e+00,1.8300000e+00,4.8000000e-01,Lambda(1830)0,9.5000000e-02
60,1,0,3122,3122,7.8875396e+01,1.1156830e+00,0.0000000e+00,Lambda0,0.0000000e+00
61,2,4,2203,2203,0.0000000e+00,0.0000000e+00,0.0000000e+00,uu_1,0.0000000e+00
62,2,0,0,9010443,0.0000000e+00,4.1910000e+00,1.5000000e-01,psi(4160),7.0000000e-02
63,1,0,5322,5322,0.0000000e+00,5.9600000e+00,1.0000000e-04,Xi'_b0,6.5821220e-06
64,0,-1,0,87,0.0000000e+00,4.0000000e+02,0.0000000e+00,b'-hadron,0.0000000e+00
65,3,-3,3334,3334,2.4612961e+01,1.6724500e+00,0.0000000e+00,Omega-,0.0000000e+00
66,2,0,10513,10513,0.0000000e+00,5.7320000e+00,2.0000000e-01,B_10,3.9891649e-02
67,2,-1,-2103,-2103,0.0000000e+00,0.0000000e+00,0.0000000e+00,anti-ud_1,0.0000000e+00
68,0,2,0,86,0.0000000e+00,1.7500000e+02,0.0000000e+00,t-hadron,0.0000000e+00
69,0,-2,0,-86,0.0000000e+00,1.7500000e+02,0.0000000e+00,anti-t-hadron,0.0000000e+00
70,1,0,-3212,-3212,0.0000000e+00,1.1926420e+00,1.3000000e-04,anti-Sigma0,8.9000000e-06
71,2,-3,-20523,-20523,0.0000000e+00,5.7570000e+00,2.0000000e-01,B'_1-,2.5027080e-01
72,1,3,0,14122,0.0000000e+00,2.5922500e+00,5.4000000e-02,Lambda_c(2593)+,2.6000000e-03
73,5,0,0,-3126,0.0000000e+00,1.8200000e+00,4.0000000e-01,anti-Lambda(1820)0,8.0000000e-02
74,1,3,4432,4432,1.0000000e-01,3.7866300e+00,0.0000000e+00,Omega_cc+,0.0000000e+00
75,3,-6,-2224,-2224,0.0000000e+00,1.2320000e+00,1.4000000e-01,anti-Delta--,1.1700000e-01
76,4,0,515,515,0.0000000e+00,5.7430000e+00,2.0000000e-01,B_2*0,2.3000000e-02
77,2,0,20313,20313,0.0000000e+00,1.4030000e+00,4.0000000e-01,K'_10,1.7400000e-01
78,0,0,0,9000221,0.0000000e+00,4.7500000e-01,4.7800000e-01,sigma_0,5.5000000e-01
79,3,-6,-4424,-4424,0.0000000e+00,3.6564800e+00,0.0000000e+00,anti-Xi_cc*--,0.0000000e+00
80,2,0,-10423,-10423,0.0000000e+00,2.4214000e+00,2.7200000e-01,anti-D_10,2.7400000e-02
81,1,-3,0,-14122,0.0000000e+00,2.5922500e+00,5.4000000e-02,anti-Lambda_c(2593)-,2.6000000e-03
82,2,-3,-10523,-10523,0.0000000e+00,5.7320000e+00,2.0000000e-01,B_1-,3.9891649e-02
83,1,-3,-4412,-4412,1.0000000e-01,3.5979800e+00,0.0000000e+00,anti-Xi_cc-,0.0000000e+00
84,0,-3,-431,-431,1.4989623e-01,1.9683000e+00,0.0000000e+00,D_s-,0.0000000e+00
85,1,-3,-4122,-4122,5.9958492e-02,2.2864600e+00,0.0000000e+00,anti-Lambda_c-,0.0000000e+00
86,1,3,4412,4412,1.0000000e-01,3.5979800e+00,0.0000000e+00,Xi_cc+,0.0000000e+00
87,2,3,10523,10523,0.0000000e+00,5.7320000e+00,2.0000000e-01,B_1+,3.9891649e-02
88,0,-3,-10411,-10411,0.0000000e+00,2.3180000e+00,3.0300000e-01,D_0*-,2.6700000e-01
89,1,-6,-4422,-4422,1.0000000e-01,3.5979800e+00,0.0000000e+00,anti-Xi_cc--,0.0000000e+00
90,3,3,-5114,-5114,0.0000000e+00,5.8351000e+00,0.0000000e+00,anti-Sigma_b*+,7.5000000e-03
91,4,0,200555,200555,0.0000000e+00,1.0526400e+01,0.0000000e+00,chi_b2(3P),0.0000000e+00
92,2,-3,0,-30323,0.0000000e+00,1.7170000e+00,7.0000000e-01,K''*-,3.2200000e-01
93,2,0,0,10022,0.0000000e+00,0.0000000e+00,0.0000000e+00,vpho,0.0000000e+00
94,8,-3,0,-329,0.0000000e+00,2.0450000e+00,2.0000000e-01,K_4*-,1.9800000e-01
95,0,0,130,130,1.5337382e+04,4.9761400e-01,0.0000000e+00,K_L0,0.0000000e+00
96,0,0,0,200551,0.0000000e+00,1.0335000e+01,0.0000000e+00,eta_b(3S),0.0000000e+00
97,2,3,0,30323,0.0000000e+00,1.7170000e+00,7.0000000e-01,K''*+,3.2200000e-01
98,1,0,0,43122,0.0000000e+00,1.8000000e+00,4.5000000e-01,Lambda(1800)0,3.0000000e-01
99,1,0,0,-43122,0.0000000e+00,1.8000000e+00,4.5000000e-01,anti-Lambda(1800)0,3.0000000e-01
100,2,0,10313,10313,0.0000000e+00,1.2720000e+00,2.0000000e-01,K_10,9.0000000e-02
101,2,-3,0,-100413,0.0000000e+00,2.6400000e+00,0.0000000e+00,D*(2S)-,0.0000000e+00
102,0,0,98,98,0.0000000e+00,0.0000000e+00,0.0000000e+00,CELLjet,0.0000000e+00
103,4,-3,-545,-545,0.0000000e+00,7.3500000e+00,6.0000000e-02,B_c2*-,0.0000000e+00
104,0,0,10311,10311,0.0000000e+00,1.4250000e+00,6.0000000e-01,K_0*0,2.7000000e-01
105,0,-3,-10431,-10431,0.0000000e+00,2.3177000e+00,1.0000000e-02,D_s0*-,1.0000033e-03
106,2,0,210553,210553,0.0000000e+00,1.0516000e+01,0.0000000e+00,h_b(3P),0.0000000e+00
107,1,3,4122,4122,5.9958492e-02,2.2864600e+00,0.0000000e+00,Lambda_c+,0.0000000e+00
108,1,0,4132,4132,3.3576755e-02,2.4708800e+00,0.0000000e+00,Xi_c0,0.0000000e+00
109,0,3,10431,10431,0.0000000e+00,2.3177000e+00,1.0000000e-02,D_s0*+,1.0000033e-03
110,0,0,88,88,0.0000000e+00,0.0000000e+00,0.0000000e+00,junction,0.0000000e+00
111,2,-3,-20323,-20323,0.0000000e+00,1.4030000e+00,4.0000000e-01,K'_1-,1.7400000e-01
112,4,0,9910445,9910445,0.0000000e+00,3.8722000e+00,2.9000000e-03,X_2(3872),3.1700598e-04
113,0,3,321,321,3.7114306e+03,4.9367700e-01,0.0000000e+00,K+,0.0000000e+00
114,3,-3,-4414,-4414,0.0000000e+00,3.6564800e+00,0.0000000e+00,anti-Xi_cc*-,0.0000000e+00
115,1,-1,3,3,0.0000000e+00,1.9900000e-01,0.0000000e+00,s,0.0000000e+00
116,2,3,0,100413,0.0000000e+00,2.6400000e+00,0.0000000e+00,D*(2S)+,0.0000000e+00
117,2,3,433,433,0.0000000e+00,2.1121000e+00,1.0000000e-04,D_s*+,6.5821023e-06
118,3,0,-4334,-4334,0.0000000e+00,2.7659000e+00,0.0000000e+00,anti-Omega_c*0,0.0000000e+00
119,0,3,10411,10411,0.0000000e+00,2.3180000e+00,3.0300000e-01,D_0*+,2.6700000e-01
120,1,-3,-2212,-2212,0.0000000e+00,9.3827205e-01,0.0000000e+00,anti-p-,0.0000000e+00
121,2,2,-5103,-5103,0.0000000e+00,0.0000000e+00,0.0000000e+00,anti-bd_1,0.0000000e+00
122,2,0,10553,10553,0.0000000e+00,9.8993000e+00,0.0000000e+00,h_b,0.0000000e+00
123,5,0,0,-13126,0.0000000e+00,1.8300000e+00,4.8000000e-01,anti-Lambda(1830)0,9.5000000e-02
124,1,-2,-2,-2,0.0000000e+00,5.6000000e-03,0.0000000e+00,anti-u,0.0000000e+00
125,1,3,-13,-13,6.5864973e+05,1.0565837e-01,0.0000000e+00,mu+,0.0000000e+00
126,0,1,5401,5401,0.0000000e+00,0.0000000e+00,0.0000000e+00,bc_0,0.0000000e+00
127,0,6,0,1000020040,0.0000000e+00,3.7274170e+00,0.0000000e+00,alpha,0.0000000e+00
128,3,-3,3114,3114,0.0000000e+00,1.3872000e+00,4.0000000e-02,Sigma*-,3.9400000e-02
129,2,0,0,30313,0.0000000e+00,1.7170000e+00,7.0000000e-01,K''*0,3.2200000e-01
130,2,-3,-523,-523,0.0000000e+00,5.3252000e+00,1.0000000e-04,B*-,6.5819970e-06
131,0,0,83,83,0.0000000e+00,1.0000000e+00,0.0000000e+00,phasespa,0.0000000e+00
132,2,0,10113,10113,0.0000000e+00,1.2295000e+00,2.5000000e-01,b_10,1.4200000e-01
133,0,3,411,411,3.1178416e-01,1.8696100e+00,0.0000000e+00,D+,0.0000000e+00
134,0,-1,85,85,3.8699999e-01,5.0000000e+00,0.0000000e+00,b-hadron,0.0000000e+00
135,3,0,-5324,-5324,0.0000000e+00,5.9700000e+00,0.0000000e+00,anti-Xi_b*0,0.0000000e+00
136,2,0,220553,220553,0.0000000e+00,1.0516000e+01,0.0000000e+00,chi_b1(3P),0.0000000e+00
137,2,0,0,100423,0.0000000e+00,2.6400000e+00,0.0000000e+00,D*(2S)0,0.0000000e+00
138,2,0,-423,-423,0.0000000e+00,2.0069600e+00,3.0000000e-04,anti-D*0,6.5821023e-06
139,1,0,0,53122,0.0000000e+00,1.8100000e+00,4.6000000e-01,Lambda(1810)0,1.5000000e-01
140,2,0,113,113,0.0000000e+00,7.7526000e-01,4.8000000e-01,rho0,1.4910000e-01
141,2,0,-513,-513,0.0000000e+00,5.3252000e+00,1.0000000e-04,anti-B*0,6.5819970e-06
142,0,-3,-211,-211,7.8044971e+03,1.3957018e-01,0.0000000e+00,pi-,0.0000000e+00
143,2,0,-20533,-20533,0.0000000e+00,5.8590000e+00,2.0000000e-02,anti-B'_s10,2.5027080e-01
144,2,0,10223,10223,0.0000000e+00,1.1700000e+00,2.0000000e-01,h_1,3.6000000e-01
145,0,0,0,480000000,0.0000000e+00,0.0000000e+00,0.0000000e+00,geantino,0.0000000e+00
146,0,0,93,93,0.0000000e+00,0.0000000e+00,0.0000000e+00,indep,0.0000000e+00
147,2,0,0,20022,0.0000000e+00,0.0000000e+00,0.0000000e+00,Cerenkov,0.0000000e+00
148,3,0,-3214,-3214,0.0000000e+00,1.3837000e+00,3.5000000e-02,anti-Sigma*0,3.6000000e-02
149,2,0,20113,20113,0.0000000e+00,1.2300000e+00,6.0000000e-01,a_10,4.2000000e-01
150,0,3,37,37,0.0000000e+00,3.1000000e+02,0.0000000e+00,Higgs+,7.0022575e+00
151,3,0,3214,3214,0.0000000e+00,1.3837000e+00,3.5000000e-02,Sigma*0,3.6000000e-02
152,3,3,4414,4414,0.0000000e+00,3.6564800e+00,0.0000000e+00,Xi_cc*+,0.0000000e+00
153,4,0,335,335,0.0000000e+00,1.5250000e+00,2.0000000e-01,f'_2,7.3000000e-02
154,1,-3,5132,5132,4.2570529e-01,5.7949000e+00,0.0000000e+00,Xi_b-,0.0000000e+00
155,8,0,0,-319,0.0000000e+00,2.0450000e+00,2.0000000e-01,anti-K_4*0,1.9800000e-01
156,2,3,0,100213,0.0000000e+00,1.4650000e+00,5.0000000e-01,rho(2S)+,4.0000000e-01
157,0,0,441,441,0.0000000e+00,2.9836000e+00,1.5000000e-01,eta_c,3.2200000e-02
158,0,0,10421,10421,0.0000000e+00,2.3180000e+00,2.9900000e-01,D_0*0,2.6700000e-01
159,2,1,5203,5203,0.0000000e+00,0.0000000e+00,0.0000000e+00,bu_1,0.0000000e+00
160,2,-1,-3203,-3203,0.0000000e+00,0.0000000e+00,0.0000000e+00,anti-su_1,0.0000000e+00
161,4,0,315,315,0.0000000e+00,1.4324000e+00,7.0000000e-01,K_2*0,1.0900000e-01
162,1,0,-4332,-4332,2.0685680e-02,2.6952000e+00,0.0000000e+00,anti-Omega_c0,0.0000000e+00
163,2,-3,-20433,-20433,0.0000000e+00,2.4595000e+00,1.0000000e-02,D_s1-,1.0000033e-03
164,0,-3,0,-1000010020,0.0000000e+00,1.8756130e+00,0.0000000e+00,anti-deuteron,0.0000000e+00
165,2,1,4103,4103,0.0000000e+00,0.0000000e+00,0.0000000e+00,cd_1,0.0000000e+00
166,2,3,10543,10543,0.0000000e+00,7.3000000e+00,6.0000000e-02,B_c1+,0.0000000e+00
167,4,3,435,435,0.0000000e+00,2.5719000e+00,6.0000000e-02,D_s2*+,1.7000000e-02
168,1,-3,5332,5332,4.6467831e-01,6.0488000e+00,0.0000000e+00,Omega_b-,0.0000000e+00
169,0,-3,-10541,-10541,0.0000000e+00,7.2500000e+00,6.0000000e-02,B_c0*-,0.0000000e+00
170,2,0,300553,300553,0.0000000e+00,1.0579400e+01,3.9000000e-02,Upsilon(4S),2.0500000e-02
171,3,3,5224,5224,0.0000000e+00,5.8321000e+00,0.0000000e+00,Sigma_b*+,1.1500000e-02
172,3,0,-2114,-2114,0.0000000e+00,1.2320000e+00,1.4000000e-01,anti-Delta0,1.1700000e-01
173,0,-2,3101,3101,0.0000000e+00,0.0000000e+00,0.0000000e+00,sd_0,0.0000000e+00
174,0,2,-3101,-3101,0.0000000e+00,0.0000000e+00,0.0000000e+00,anti-sd_0,0.0000000e+00
175,2,3,20433,20433,0.0000000e+00,2.4595000e+00,1.0000000e-02,D_s1+,1.0000033e-03
176,2,0,100553,100553,0.0000000e+00,1.0023260e+01,4.0000000e-04,Upsilon(2S),3.1980000e-05
177,0,0,331,331,0.0000000e+00,9.5778000e-01,2.0000000e-03,eta',1.9800000e-04
178,5,0,0,-3216,0.0000000e+00,1.7750000e+00,5.0000000e-01,anti-Sigma(1775)0,1.2000000e-01
179,2,0,10423,10423,0.0000000e+00,2.4214000e+00,2.7200000e-01,D_10,2.7400000e-02
180,3,0,5214,5214,0.0000000e+00,5.8290000e+00,0.0000000e+00,Sigma_b*0,0.0000000e+00
181,2,-3,-323,-323,0.0000000e+00,8.9166000e-01,2.3000000e-01,K*-,5.0800000e-02
182,1,0,-14,-14,0.0000000e+00,0.0000000e+00,0.0000000e+00,anti-nu_mu,0.0000000e+00
183,1,3,5222,5222,0.0000000e+00,5.8113000e+00,1.0000000e-04,Sigma_b+,9.7000000e-03
184,4,0,-315,-315,0.0000000e+00,1.4324000e+00,7.0000000e-01,anti-K_2*0,1.0900000e-01
185,2,0,20443,20443,0.0000000e+00,3.5106600e+00,1.0000000e-02,chi_c1,8.4000000e-04
186,2,3,20413,20413,0.0000000e+00,2.4450000e+00,3.0000000e-01,D'_1+,2.5027080e-01
187,1,3,-5132,-5132,4.2570529e-01,5.7949000e+00,0.0000000e+00,anti-Xi_b+,0.0000000e+00
188,2,0,-30363,-30363,0.0000000e+00,1.8000000e+00,1.0000000e+00,anti-Xss,0.0000000e+00
189,0,-3,-411,-411,3.1178416e-01,1.8696100e+00,0.0000000e+00,D-,0.0000000e+00
190,2,0,513,513,0.0000000e+00,5.3252000e+00,1.0000000e-04,B*0,6.5819970e-06
191,0,3,44,44,0.0000000e+00,1.0000000e+00,0.0000000e+00,Xu+,0.0000000e+00
192,2,0,20533,20533,0.0000000e+00,5.8590000e+00,2.0000000e-02,B'_s10,2.5027080e-01
193,1,0,-3322,-3322,8.6939813e+01,1.3148600e+00,0.0000000e+00,anti-Xi0,0.0000000e+00
194,3,0,3324,3324,0.0000000e+00,1.5318000e+00,5.0000000e-02,Xi*0,9.1000000e-03
195,0,1,-85,-85,3.8699999e-01,5.0000000e+00,0.0000000e+00,anti-b-hadron,0.0000000e+00
196,0,0,97,97,0.0000000e+00,0.0000000e+00,0.0000000e+00,CLUSjet,0.0000000e+00
197,1,-1,1,1,0.0000000e+00,9.9000000e-03,0.0000000e+00,d,0.0000000e+00
198,2,0,0,9020443,0.0000000e+00,4.4210000e+00,8.0000000e-02,psi(4415),6.2000000e-02
199,0,0,10511,10511,0.0000000e+00,5.7380000e+00,2.0000000e-01,B_0*0,1.4993444e-01
200,2,0,10333,10333,0.0000000e+00,1.4000000e+00,1.0000000e-02,h'_1,0.0000000e+00
201,1,-3,-4232,-4232,1.3250827e-01,2.4678000e+00,0.0000000e+00,anti-Xi_c-,0.0000000e+00
202,1,1,-5,-5,0.0000000e+00,5.0000000e+00,0.0000000e+00,anti-b,0.0000000e+00
203,0,4,4201,4201,0.0000000e+00,0.0000000e+00,0.0000000e+00,cu_0,0.0000000e+00
204,2,-3,-10323,-10323,0.0000000e+00,1.2720000e+00,2.0000000e-01,K_1-,9.0000000e-02
205,2,0,20223,20223,0.0000000e+00,1.2819000e+00,5.0000000e-02,f_1,2.4200000e-02
206,2,0,0,100223,0.0000000e+00,1.4250000e+00,4.0000000e-01,omega(2S),2.1500000e-01
207,3,3,3224,3224,0.0000000e+00,1.3828000e+00,3.5000000e-02,Sigma*+,3.6000000e-02
208,0,1,5201,5201,0.0000000e+00,0.0000000e+00,0.0000000e+00,bu_0,0.0000000e+00
209,2,-3,-20213,-20213,0.0000000e+00,1.2300000e+00,6.0000000e-01,a_1-,4.2000000e-01
210,0,0,10331,30221,0.0000000e+00,1.3500000e+00,3.5000000e-01,f'_0,3.5000000e-01
211,2,0,0,-30313,0.0000000e+00,1.7170000e+00,7.0000000e-01,anti-K''*0,3.2200000e-01
212,2,-3,0,-30213,0.0000000e+00,1.7200000e+00,5.0000000e-01,rho(3S)-,2.5000000e-01
213,4,3,325,325,0.0000000e+00,1.4256000e+00,7.0000000e-01,K_2*+,9.8500000e-02
214,2,-3,-10433,-10433,0.0000000e+00,2.5351000e+00,1.0000000e-02,D'_s1-,9.2000000e-04
215,2,3,10433,10433,0.0000000e+00,2.5351000e+00,1.0000000e-02,D'_s1+,9.2000000e-04
216,2,3,20323,20323,0.0000000e+00,1.4030000e+00,4.0000000e-01,K'_1+,1.7400000e-01
217,1,3,-5332,-5332,4.6467831e-01,6.0488000e+00,0.0000000e+00,anti-Omega_b+,0.0000000e+00
218,2,3,10213,10213,0.0000000e+00,1.2295000e+00,2.5000000e-01,b_1+,1.4200000e-01
219,2,-3,-213,-213,0.0000000e+00,7.7526000e-01,4.8000000e-01,rho-,1.4910000e-01
220,2,-3,-543,-543,0.0000000e+00,6.6020000e+00,0.0000000e+00,B_c*-,0.0000000e+00
221,2,0,200553,200553,0.0000000e+00,1.0355200e+01,2.6000000e-04,Upsilon(3S),2.0320000e-05
222,2,3,523,523,0.0000000e+00,5.3252000e+00,1.0000000e-04,B*+,6.5819970e-06
223,1,0,0,13212,0.0000000e+00,1.6600000e+00,4.0000000e-01,Sigma(1660)0,1.0000000e-01
224,0,-4,-4201,-4201,0.0000000e+00,0.0000000e+00,0.0000000e+00,anti-cu_0,0.0000000e+00
225,2,1,3203,3203,0.0000000e+00,0.0000000e+00,0.0000000e+00,su_1,0.0000000e+00
226,4,0,225,225,0.0000000e+00,1.2751000e+00,2.7000000e-01,f_2,1.8510000e-01
227,0,-2,-84,-84,1.0000000e-01,2.0000000e+00,0.0000000e+00,anti-c-hadron,0.0000000e+00
228,4,-3,-215,-215,0.0000000e+00,1.3183000e+00,5.0000000e-01,a_2-,1.0700000e-01
229,0,2,84,84,1.0000000e-01,2.0000000e+00,0.0000000e+00,c-hadron,0.0000000e+00
230,2,-1,-4103,-4103,0.0000000e+00,0.0000000e+00,0.0000000e+00,anti-cd_1,0.0000000e+00
231,1,-1,7,7,0.0000000e+00,4.0000000e+02,0.0000000e+00,b',0.0000000e+00
232,3,-3,-5224,-5224,0.0000000e+00,5.8321000e+00,0.0000000e+00,anti-Sigma_b*-,1.1500000e-02
233,1,-2,-6,-6,0.0000000e+00,1.7500000e+02,1.3981560e+01,anti-t,1.3981600e+00
234,1,2,6,6,0.0000000e+00,1.7500000e+02,1.3981560e+01,t,1.3981600e+00
235,0,3,211,211,7.8044971e+03,1.3957018e-01,0.0000000e+00,pi+,0.0000000e+00
236,3,0,0,-13124,0.0000000e+00,1.6900000e+00,3.0000000e-01,anti-Lambda(1690)0,6.0000000e-02
237,3,0,2114,2114,0.0000000e+00,1.2320000e+00,1.4000000e-01,Delta0,1.1700000e-01
238,0,-3,-521,-521,4.9106005e-01,5.2792600e+00,0.0000000e+00,B-,0.0000000e+00
239,2,1,2103,2103,0.0000000e+00,0.0000000e+00,0.0000000e+00,ud_1,0.0000000e+00
240,2,0,33,33,0.0000000e+00,9.0000000e+02,0.0000000e+00,Z''0,0.0000000e+00
241,2,2,-3303,-3303,0.0000000e+00,0.0000000e+00,0.0000000e+00,anti-ss_1,0.0000000e+00
242,0,-1,-4101,-4101,0.0000000e+00,0.0000000e+00,0.0000000e+00,anti-cd_0,0.0000000e+00
243,0,-1,-4301,-4301,0.0000000e+00,0.0000000e+00,0.0000000e+00,anti-cs_0,0.0000000e+00
244,0,3,431,431,1.4989623e-01,1.9683000e+00,0.0000000e+00,D_s+,0.0000000e+00
245,4,0,-425,-425,0.0000000e+00,2.4626000e+00,3.0900000e-01,anti-D_2*0,4.9000000e-02
246,1,-3,17,17,0.0000000e+00,4.0000000e+02,0.0000000e+00,L-,0.0000000e+00
247,2,0,223,223,0.0000000e+00,7.8265000e-01,1.8000000e-01,omega,8.4900000e-03
248,1,-3,11,11,0.0000000e+00,5.1099893e-04,0.0000000e+00,e-,0.0000000e+00
249,4,0,115,115,0.0000000e+00,1.3183000e+00,5.0000000e-01,a_20,1.0700000e-01
250,1,2,8,8,0.0000000e+00,5.0000000e+02,0.0000000e+00,t',0.0000000e+00
251,0,1,4301,4301,0.0000000e+00,0.0000000e+00,0.0000000e+00,cs_0,0.0000000e+00
252,0,3,0,100211,0.0000000e+00,1.3000000e+00,5.0000000e-01,pi(2S)+,4.0000000e-01
253,2,4,4203,4203,0.0000000e+00,0.0000000e+00,0.0000000e+00,cu_1,0.0000000e+00
254,1,0,5212,5212,0.0000000e+00,5.8078000e+00,1.0000000e-04,Sigma_b0,6.5821220e-06
255,0,-1,-3201,-3201,0.0000000e+00,0.0000000e+00,0.0000000e+00,anti-su_0,0.0000000e+00
256,2,0,-20423,-20423,0.0000000e+00,2.4450000e+00,3.0000000e-01,anti-D'_10,2.5027080e-01
257,1,-3,-4212,-4212,0.0000000e+00,2.4529000e+00,2.4680000e-02,anti-Sigma_c-,1.6455309e-03
258,2,0,120553,120553,0.0000000e+00,1.0255460e+01,0.0000000e+00,chi_b1(2P),0.0000000e+00
259,0,-2,5101,5101,0.0000000e+00,0.0000000e+00,0.0000000e+00,bd_0,0.0000000e+00
260,3,3,4434,4434,0.0000000e+00,3.8246600e+00,0.0000000e+00,Omega_cc*+,0.0000000e+00
261,1,0,0,-33122,0.0000000e+00,1.6700000e+00,1.8000000e-01,anti-Lambda(1670)0,3.5000000e-02
262,1,0,12,12,0.0000000e+00,0.0000000e+00,0.0000000e+00,nu_e,0.0000000e+00
263,0,0,94,94,0.0000000e+00,0.0000000e+00,0.0000000e+00,CMshower,0.0000000e+00
264,0,1,3201,3201,0.0000000e+00,0.0000000e+00,0.0000000e+00,su_0,0.0000000e+00
265,3,-3,5334,5334,0.0000000e+00,6.1300000e+00,0.0000000e+00,Omega_b*-,0.0000000e+00
266,0,0,0,100551,0.0000000e+00,9.9970000e+00,0.0000000e+00,eta_b(2S),0.0000000e+00
267,2,0,10443,10443,0.0000000e+00,3.5253800e+00,2.0000000e-02,h_c,7.0000000e-04
268,2,3,24,24,0.0000000e+00,8.0385000e+01,1.0000000e+01,W+,2.0850000e+00
269,4,3,215,215,0.0000000e+00,1.3183000e+00,5.0000000e-01,a_2+,1.0700000e-01
270,0,-3,-10321,-10321,0.0000000e+00,1.4250000e+00,6.0000000e-01,K_0*-,2.7000000e-01
271,6,0,557,557,0.0000000e+00,1.0159900e+01,0.0000000e+00,Upsilon_3(1D),0.0000000e+00
272,4,0,10555,10555,0.0000000e+00,1.0157000e+01,0.0000000e+00,eta_b2(1D),0.0000000e+00
273,0,0,91,91,0.0000000e+00,0.0000000e+00,0.0000000e+00,cluster,0.0000000e+00
274,2,0,423,423,0.0000000e+00,2.0069600e+00,3.0000000e-04,D*0,6.5821023e-06
275,3,0,4114,4114,0.0000000e+00,2.5188000e+00,9.1900000e-02,Sigma_c*0,1.4500000e-02
276,6,-3,0,-327,0.0000000e+00,1.7760000e+00,7.0000000e-01,K_3*-,1.5900000e-01
277,0,0,-82,-82,0.0000000e+00,0.0000000e+00,0.0000000e+00,anti-rndmflav,0.0000000e+00
278,3,0,-4114,-4114,0.0000000e+00,2.5188000e+00,9.1900000e-02,anti-Sigma_c*0,1.4500000e-02
279,2,0,-10313,-10313,0.0000000e+00,1.2720000e+00,2.0000000e-01,anti-K_10,9.0000000e-02
280,2,0,0,30223,0.0000000e+00,1.6700000e+00,0.0000000e+00,omega(1650),3.1500000e-01
281,1,-2,-8,-8,0.0000000e+00,5.0000000e+02,0.0000000e+00,anti-t',0.0000000e+00
282,1,0,5122,5122,4.1371359e-01,5.6195000e+00,0.0000000e+00,Lambda_b0,0.0000000e+00
283,0,0,210551,210551,0.0000000e+00,1.0500700e+01,0.0000000e+00,chi_b0(3P),0.0000000e+00
284,3,3,-3334,-3334,2.4612961e+01,1.6724500e+00,0.0000000e+00,anti-Omega+,0.0000000e+00
285,2,-2,5303,5303,0.0000000e+00,0.0000000e+00,0.0000000e+00,bs_1,0.0000000e+00
286,0,3,0,1000010030,0.0000000e+00,2.8092500e+00,0.0000000e+00,tritium,0.0000000e+00
287,1,0,0,33122,0.0000000e+00,1.6700000e+00,1.8000000e-01,Lambda(1670)0,3.5000000e-02
288,2,-4,-4403,-4403,0.0000000e+00,0.0000000e+00,0.0000000e+00,anti-cc_1,0.0000000e+00
289,3,0,0,-13214,0.0000000e+00,1.6700000e+00,3.0000000e-01,anti-Sigma(1670)0,6.0000000e-02
290,0,0,531,531,4.4129450e-01,5.3667700e+00,0.0000000e+00,B_s0,0.0000000e+00
291,0,0,36,36,0.0000000e+00,3.1000000e+02,0.0000000e+00,A0,7.0022575e+00
292,3,-3,0,-4124,0.0000000e+00,2.6266000e+00,2.8500000e-02,anti-Lambda_c(2625)-,0.0000000e+00
293,0,0,96,96,0.0000000e+00,0.0000000e+00,0.0000000e+00,THRUaxis,0.0000000e+00
294,4,0,100555,100555,0.0000000e+00,1.0268650e+01,0.0000000e+00,chi_b2(2P),0.0000000e+00
295,0,0,95,95,0.0000000e+00,0.0000000e+00,0.0000000e+00,SPHEaxis,0.0000000e+00
296,2,-3,-20543,-20543,0.0000000e+00,7.4000000e+00,2.0000000e-01,B'_c1-,0.0000000e+00
297,0,0,92,92,0.0000000e+00,0.0000000e+00,0.0000000e+00,string,0.0000000e+00
298,0,0,0,100221,0.0000000e+00,1.2940000e+00,2.0000000e-01,eta(2S),5.5000000e-02
299,1,0,4312,4312,0.0000000e+00,2.5779000e+00,0.0000000e+00,Xi'_c0,0.0000000e+00
300,2,4,4403,4403,0.0000000e+00,0.0000000e+00,0.0000000e+00,cc_1,0.0000000e+00
301,1,0,-4132,-4132,3.3576755e-02,2.4708800e+00,0.0000000e+00,anti-Xi_c0,0.0000000e+00
302,0,0,0,-100421,0.0000000e+00,2.5800000e+00,0.0000000e+00,anti-D(2S)0,0.0000000e+00
303,0,0,10111,9000111,0.0000000e+00,9.8000000e-01,5.0000000e-02,a_00,7.5000000e-02
304,3,3,2214,2214,0.0000000e+00,1.2320000e+00,1.4000000e-01,Delta+,1.1700000e-01
305,2,-2,3103,3103,0.0000000e+00,0.0000000e+00,0.0000000e+00,sd_1,0.0000000e+00
306,0,-3,0,-100211,0.0000000e+00,1.3000000e+00,5.0000000e-01,pi(2S)-,4.0000000e-01
307,2,-2,5503,5503,0.0000000e+00,0.0000000e+00,0.0000000e+00,bb_1,0.0000000e+00
308,6,3,0,327,0.0000000e+00,1.7760000e+00,7.0000000e-01,K_3*+,1.5900000e-01
309,2,2,-5303,-5303,0.0000000e+00,0.0000000e+00,0.0000000e+00,anti-bs_1,0.0000000e+00
310,2,1,4303,4303,0.0000000e+00,0.0000000e+00,0.0000000e+00,cs_1,0.0000000e+00
311,2,-1,-5203,-5203,0.0000000e+00,0.0000000e+00,0.0000000e+00,anti-bu_1,0.0000000e+00
312,2,0,0,100333,0.0000000e+00,1.6800000e+00,0.0000000e+00,phi(1680),1.5000000e-01
313,1,6,4222,4222,0.0000000e+00,2.4539800e+00,2.7000000e-02,Sigma_c++,2.2600000e-03
314,2,0,30363,30363,0.0000000e+00,1.8000000e+00,1.0000000e+00,Xss,0.0000000e+00
315,3,-3,-4434,-4434,0.0000000e+00,3.8246600e+00,0.0000000e+00,anti-Omega_cc*-,0.0000000e+00
316,2,2,-3103,-3103,0.0000000e+00,0.0000000e+00,0.0000000e+00,anti-sd_1,0.0000000e+00
317,2,3,34,34,0.0000000e+00,5.0000000e+02,0.0000000e+00,W'+,0.0000000e+00
318,3,0,0,13214,0.0000000e+00,1.6700000e+00,3.0000000e-01,Sigma(1670)0,6.0000000e-02
319,2,-2,5103,5103,0.0000000e+00,0.0000000e+00,0.0000000e+00,bd_1,0.0000000e+00
320,0,0,-511,-511,4.5718350e-01,5.2795800e+00,0.0000000e+00,anti-B0,0.0000000e+00
321,2,0,333,333,0.0000000e+00,1.0194610e+00,3.2000000e-02,phi,4.2660000e-03
322,0,0,511,511,4.5718350e-01,5.2795800e+00,0.0000000e+00,B0,0.0000000e+00
323,0,0,90,90,0.0000000e+00,0.0000000e+00,0.0000000e+00,system,0.0000000e+00
324,3,0,4314,4314,0.0000000e+00,2.6459000e+00,0.0000000e+00,Xi_c*0,0.0000000e+00
325,3,-3,-4324,-4324,0.0000000e+00,2.6459000e+00,0.0000000e+00,anti-Xi_c*-,0.0000000e+00
326,1,0,0,23122,0.0000000e+00,1.6000000e+00,2.5000000e-01,Lambda(1600)0,1.5000000e-01
327,3,0,0,-3124,0.0000000e+00,1.5195000e+00,1.8000000e-01,anti-Lambda(1520)0,1.5600000e-02
328,2,0,-533,-533,0.0000000e+00,5.4154000e+00,1.0000000e-04,anti-B_s*0,6.5821220e-06
329,0,0,25,25,0.0000000e+00,1.2570000e+02,0.0000000e+00,Higgs0,7.0022575e+00
330,0,0,0,100421,0.0000000e+00,2.5800000e+00,0.0000000e+00,D(2S)0,0.0000000e+00
331,3,6,4424,4424,0.0000000e+00,3.6564800e+00,0.0000000e+00,Xi_cc*++,0.0000000e+00
332,2,0,-41,-41,0.0000000e+00,5.0000000e+03,4.1729150e+03,anti-R0,0.0000000e+00
333,2,0,30443,30443,0.0000000e+00,3.7731500e+00,3.0000000e-02,psi(3770),2.7200000e-02
334,4,-3,-525,-525,0.0000000e+00,5.7430000e+00,2.0000000e-01,B_2*-,2.3000000e-02
335,3,0,-3324,-3324,0.0000000e+00,1.5318000e+00,5.0000000e-02,anti-Xi*0,9.1000000e-03
336,2,3,213,213,0.0000000e+00,7.7526000e-01,4.8000000e-01,rho+,1.4910000e-01
337,2,3,0,100323,0.0000000e+00,1.4140000e+00,6.0000000e-01,K'*+,2.3200000e-01
338,2,0,41,41,0.0000000e+00,5.0000000e+03,4.1729150e+03,R0,0.0000000e+00
339,2,3,30353,30353,0.0000000e+00,1.6000000e+00,1.0000000e+00,Xsu,0.0000000e+00
340,2,-3,-30353,-30353,0.0000000e+00,1.6000000e+00,1.0000000e+00,anti-Xsu,0.0000000e+00
341,1,3,-3112,-3112,4.4339305e+01,1.1974490e+00,0.0000000e+00,anti-Sigma+,0.0000000e+00
342,3,3,0,4124,0.0000000e+00,2.6266000e+00,2.8500000e-02,Lambda_c(2625)+,0.0000000e+00
343,1,3,4322,4322,0.0000000e+00,2.5756000e+00,0.0000000e+00,Xi'_c+,0.0000000e+00
344,6,0,0,-317,0.0000000e+00,1.7760000e+00,7.0000000e-01,anti-K_3*0,1.5900000e-01
345,3,0,0,3124,0.0000000e+00,1.5195000e+00,1.8000000e-01,Lambda(1520)0,1.5600000e-02
346,0,0,-10531,-10531,0.0000000e+00,5.8410000e+00,6.5000000e-02,anti-B_s0*0,1.4993444e-01
347,5,0,0,3216,0.0000000e+00,1.7750000e+00,5.0000000e-01,Sigma(1775)0,1.2000000e-01
348,1,3,-15,-15,8.7119688e-02,1.7768200e+00,0.0000000e+00,tau+,0.0000000e+00
349,1,-3,-3222,-3222,2.4037359e+01,1.1893700e+00,0.0000000e+00,anti-Sigma-,0.0000000e+00
350,8,0,0,319,0.0000000e+00,2.0450000e+00,2.0000000e-01,K_4*0,1.9800000e-01
351,2,-3,-20413,-20413,0.0000000e+00,2.4450000e+00,3.0000000e-01,D'_1-,2.5027080e-01
352,4,3,525,525,0.0000000e+00,5.7430000e+00,2.0000000e-01,B_2*+,2.3000000e-02
353,0,-6,0,-1000020030,0.0000000e+00,2.8092300e+00,0.0000000e+00,anti-He3,0.0000000e+00
354,2,0,-20313,-20313,0.0000000e+00,1.4030000e+00,4.0000000e-01,anti-K'_10,1.7400000e-01
355,2,-3,-9042413,-9042413,0.0000000e+00,4.4330000e+00,0.0000000e+00,Z(4430)-,3.1700598e-04
356,4,3,415,415,0.0000000e+00,2.4643000e+00,3.1200000e-01,D_2*+,3.7000000e-02
357,2,0,23,23,0.0000000e+00,9.1187600e+01,1.0000000e+01,Z0,2.4952000e+00
358,1,0,3322,3322,8.6939813e+01,1.3148600e+00,0.0000000e+00,Xi0,0.0000000e+00
359,4,0,445,445,0.0000000e+00,3.5562000e+00,6.0000000e-03,chi_c2,1.9300000e-03
360,0,0,10531,10531,0.0000000e+00,5.8410000e+00,6.5000000e-02,B_s0*0,1.4993444e-01
361,3,3,-5334,-5334,0.0000000e+00,6.1300000e+00,0.0000000e+00,anti-Omega_b*+,0.0000000e+00
362,2,0,30343,30343,0.0000000e+00,1.6000000e+00,1.0000000e+00,Xsd,0.0000000e+00
363,2,1,5403,5403,0.0000000e+00,0.0000000e+00,0.0000000e+00,bc_1,0.0000000e+00
364,2,-1,-5403,-5403,0.0000000e+00,0.0000000e+00,0.0000000e+00,anti-bc_1,0.0000000e+00
365,3,3,4324,4324,0.0000000e+00,2.6459000e+00,0.0000000e+00,Xi_c*+,0.0000000e+00
366,1,-3,-5222,-5222,0.0000000e+00,5.8113000e+00,1.0000000e-04,anti-Sigma_b-,9.7000000e-03
367,0,-2,5301,5301,0.0000000e+00,0.0000000e+00,0.0000000e+00,bs_0,0.0000000e+00
368,2,0,20553,20553,0.0000000e+00,9.8927800e+00,0.0000000e+00,chi_b1,0.0000000e+00
369,1,0,4332,4332,2.0685680e-02,2.6952000e+00,0.0000000e+00,Omega_c0,0.0000000e+00
370,0,0,110551,110551,0.0000000e+00,1.0232500e+01,0.0000000e+00,chi_b0(2P),0.0000000e+00
371,0,0,-421,-421,1.2294489e-01,1.8648400e+00,0.0000000e+00,anti-D0,0.0000000e+00
372,2,0,-30343,-30343,0.0000000e+00,1.6000000e+00,1.0000000e+00,anti-Xsd,0.0000000e+00
373,2,-4,-4203,-4203,0.0000000e+00,0.0000000e+00,0.0000000e+00,anti-cu_1,0.0000000e+00
374,0,0,311,311,0.0000000e+00,4.9761400e-01,0.0000000e+00,K0,0.0000000e+00
375,2,0,100443,100443,0.0000000e+00,3.6861090e+00,8.0000000e-04,psi(2S),2.9900000e-04
376,4,0,-515,-515,0.0000000e+00,5.7430000e+00,2.0000000e-01,anti-B_2*0,2.3000000e-02
377,1,-3,13,13,6.5864973e+05,1.0565837e-01,0.0000000e+00,mu-,0.0000000e+00
378,1,3,-5312,-5312,0.0000000e+00,5.9600000e+00,1.0000000e-04,anti-Xi'_b+,6.5821220e-06
379,0,-3,0,-1000010030,0.0000000e+00,2.8092500e+00,0.0000000e+00,anti-tritium,0.0000000e+00
380,1,2,2,2,0.0000000e+00,5.6000000e-03,0.0000000e+00,u,0.0000000e+00
381,3,0,5324,5324,0.0000000e+00,5.9700000e+00,0.0000000e+00,Xi_b*0,0.0000000e+00
382,0,1,2101,2101,0.0000000e+00,0.0000000e+00,0.0000000e+00,ud_0,0.0000000e+00
383,0,-1,-5401,-5401,0.0000000e+00,0.0000000e+00,0.0000000e+00,anti-bc_0,0.0000000e+00
384,6,0,0,317,0.0000000e+00,1.7760000e+00,7.0000000e-01,K_3*0,1.5900000e-01
385,0,-1,-2101,-2101,0.0000000e+00,0.0000000e+00,0.0000000e+00,anti-ud_0,0.0000000e+00
386,2,3,0,30213,0.0000000e+00,1.7200000e+00,5.0000000e-01,rho(3S)+,2.5000000e-01
387,1,-3,-4432,-4432,1.0000000e-01,3.7866300e+00,0.0000000e+00,anti-Omega_cc-,0.0000000e+00
388,1,3,3222,3222,2.4037359e+01,1.1893700e+00,0.0000000e+00,Sigma+,0.0000000e+00
389,1,0,-4112,-4112,0.0000000e+00,2.4537400e+00,2.4000000e-02,anti-Sigma_c0,2.1600000e-03
390,1,3,4212,4212,0.0000000e+00,2.4529000e+00,2.4680000e-02,Sigma_c+,1.6455309e-03
391,0,6,0,1000020030,0.0000000e+00,2.8092300e+00,0.0000000e+00,He3,0.0000000e+00
392,1,0,-3122,-3122,7.8875396e+01,1.1156830e+00,0.0000000e+00,anti-Lambda0,0.0000000e+00
393,0,0,421,421,1.2294489e-01,1.8648400e+00,0.0000000e+00,D0,0.0000000e+00
394,4,0,20555,20555,0.0000000e+00,1.0156200e+01,0.0000000e+00,Upsilon_2(1D),0.0000000e+00
395,2,0,0,9000443,0.0000000e+00,4.0390000e+00,1.0000000e-01,psi(4040),8.0000000e-02
396,0,0,0,350,4.2184546e-01,5.3663000e+00,0.0000000e+00,B_s0L,0.0000000e+00
397,1,-3,5312,5312,0.0000000e+00,5.9600000e+00,1.0000000e-04,Xi'_b-,6.5821220e-06
398,1,-3,-4322,-4322,0.0000000e+00,2.5756000e+00,0.0000000e+00,anti-Xi'_c-,0.0000000e+00
399,0,-1,-5201,-5201,0.0000000e+00,0.0000000e+00,0.0000000e+00,anti-bu_0,0.0000000e+00
400,0,-3,-44,-44,0.0000000e+00,1.0000000e+00,0.0000000e+00,Xu-,0.0000000e+00
401,1,0,4112,4112,0.0000000e+00,2.4537400e+00,2.4000000e-02,Sigma_c0,2.1600000e-03
402,2,-3,0,-100323,0.0000000e+00,1.4140000e+00,6.0000000e-01,K'*-,2.3200000e-01
403,0,0,99,99,0.0000000e+00,0.0000000e+00,0.0000000e+00,table,0.0000000e+00
404,0,0,35,35,0.0000000e+00,3.1000000e+02,0.0000000e+00,Higgs'0,7.0022575e+00
405,0,2,-5301,-5301,0.0000000e+00,0.0000000e+00,0.0000000e+00,anti-bs_0,0.0000000e+00
406,1,-3,3112,3112,4.4339305e+01,1.1974490e+00,0.0000000e+00,Sigma-,0.0000000e+00
407,3,0,-5214,-5214,0.0000000e+00,5.8290000e+00,0.0000000e+00,anti-Sigma_b*0,0.0000000e+00
408,2,0,-10513,-10513,0.0000000e+00,5.7320000e+00,2.0000000e-01,anti-B_10,3.9891649e-02
409,1,1,-3,-3,0.0000000e+00,1.9900000e-01,0.0000000e+00,anti-s,0.0000000e+00
410,1,0,-5322,-5322,0.0000000e+00,5.9600000e+00,1.0000000e-04,anti-Xi'_b0,6.5821220e-06
411,0,0,10551,10551,0.0000000e+00,9.8594400e+00,0.0000000e+00,chi_b0,0.0000000e+00
412,2,3,10413,10413,0.0000000e+00,2.4230000e+00,2.7000000e-01,D_1+,2.0006450e-02
413,2,0,443,443,0.0000000e+00,3.0969160e+00,2.0000000e-04,J/psi,9.2900000e-05
414,0,0,221,221,0.0000000e+00,5.4786200e-01,0.0000000e+00,eta,1.3100000e-06
415,0,0,81,81,0.0000000e+00,0.0000000e+00,0.0000000e+00,specflav,0.0000000e+00
416,2,-3,-24,-24,0.0000000e+00,8.0385000e+01,1.0000000e+01,W-,2.0850000e+00
417,1,0,14,14,0.0000000e+00,0.0000000e+00,0.0000000e+00,nu_mu,0.0000000e+00
418,1,3,2212,2212,0.0000000e+00,9.3827205e-01,0.0000000e+00,p+,0.0000000e+00
419,3,-3,-3224,-3224,0.0000000e+00,1.3828000e+00,3.5000000e-02,anti-Sigma*-,3.6000000e-02
420,3,0,4334,4334,0.0000000e+00,2.7659000e+00,0.0000000e+00,Omega_c*0,0.0000000e+00
421,3,-3,5314,5314,0.0000000e+00,5.9700000e+00,0.0000000e+00,Xi_b*-,0.0000000e+00
422,0,0,111,111,0.0000000e+00,1.3497660e-01,0.0000000e+00,pi0,7.7300000e-09
423,2,-3,-433,-433,0.0000000e+00,2.1121000e+00,1.0000000e-04,D_s*-,6.5821023e-06
424,0,3,10211,9000211,0.0000000e+00,9.8000000e-01,5.0000000e-02,a_0+,7.5000000e-02
425,1,0,18,18,0.0000000e+00,0.0000000e+00,0.0000000e+00,nu_L,0.0000000e+00
426,1,3,4232,4232,1.3250827e-01,2.4678000e+00,0.0000000e+00,Xi_c+,0.0000000e+00
427,0,3,10321,10321,0.0000000e+00,1.4250000e+00,6.0000000e-01,K_0*+,2.7000000e-01
428,2,-3,0,-100213,0.0000000e+00,1.4650000e+00,5.0000000e-01,rho(2S)-,4.0000000e-01
429,0,0,551,551,0.0000000e+00,9.4030000e+00,0.0000000e+00,eta_b,0.0000000e+00
430,2,-2,3303,3303,0.0000000e+00,0.0000000e+00,0.0000000e+00,ss_1,0.0000000e+00
431,1,1,-1,-1,0.0000000e+00,9.9000000e-03,0.0000000e+00,anti-d,0.0000000e+00
432,3,3,-5314,-5314,0.0000000e+00,5.9700000e+00,0.0000000e+00,anti-Xi_b*+,0.0000000e+00
433,2,0,-313,-313,0.0000000e+00,8.9581000e-01,2.3000000e-01,anti-K*0,4.7400000e-02
434,0,0,-531,-531,4.4129450e-01,5.3667700e+00,0.0000000e+00,anti-B_s0,0.0000000e+00
435,3,-3,1114,1114,0.0000000e+00,1.2320000e+00,1.4000000e-01,Delta-,1.1700000e-01
436,1,0,-2112,-2112,2.6552618e+14,9.3956538e-01,0.0000000e+00,anti-n0,0.0000000e+00
437,2,-3,-34,-34,0.0000000e+00,5.0000000e+02,0.0000000e+00,W'-,0.0000000e+00
438,0,3,10541,10541,0.0000000e+00,7.2500000e+00,6.0000000e-02,B_c0*+,0.0000000e+00
439,4,0,535,535,0.0000000e+00,5.8399600e+00,2.9000000e-02,B_s2*0,1.6000000e-03
440,2,0,9920443,9920443,0.0000000e+00,3.8722000e+00,2.9000000e-03,X_1(3872),3.1700598e-04
441,1,-6,-4222,-4222,0.0000000e+00,2.4539800e+00,2.7000000e-02,anti-Sigma_c--,2.2600000e-03
442,4,0,-535,-535,0.0000000e+00,5.8399600e+00,2.9000000e-02,anti-B_s2*0,1.6000000e-03
443,3,6,2224,2224,0.0000000e+00,1.2320000e+00,1.4000000e-01,Delta++,1.1700000e-01
444,4,0,120555,120555,0.0000000e+00,1.0440600e+01,0.0000000e+00,Upsilon_2(2D),0.0000000e+00
445,0,0,10441,10441,0.0000000e+00,3.4147500e+00,5.0000000e-02,chi_c0,1.0500000e-02
446,0,0,43,43,0.0000000e+00,1.0000000e+00,0.0000000e+00,Xu0,0.0000000e+00
447,1,0,-4312,-4312,0.0000000e+00,2.5779000e+00,0.0000000e+00,anti-Xi'_c0,0.0000000e+00
448,4,0,555,555,0.0000000e+00,9.9122100e+00,0.0000000e+00,chi_b2,0.0000000e+00
449,2,3,20543,20543,0.0000000e+00,7.4000000e+00,2.0000000e-01,B'_c1+,0.0000000e+00
450,0,3,0,1000010020,0.0000000e+00,1.8756130e+00,0.0000000e+00,deuteron,0.0000000e+00
451,1,0,0,-53122,0.0000000e+00,1.8100000e+00,4.6000000e-01,anti-Lambda(1810)0,1.5000000e-01
452,2,3,543,543,0.0000000e+00,6.6020000e+00,0.0000000e+00,B_c*+,0.0000000e+00
453,4,3,545,545,0.0000000e+00,7.3500000e+00,6.0000000e-02,B_c2*+,0.0000000e+00
454,3,-3,3314,3314,0.0000000e+00,1.5350000e+00,5.0000000e-02,Xi*-,9.9000000e-03
455,0,0,0,9030221,0.0000000e+00,1.5050000e+00,3.0000000e-01,f_0(1500),1.0900000e-01
456,3,3,-1114,-1114,0.0000000e+00,1.2320000e+00,1.4000000e-01,anti-Delta+,1.1700000e-01
457,1,0,3212,3212,0.0000000e+00,1.1926420e+00,1.3000000e-04,Sigma0,8.9000000e-06
458,2,3,9042413,9042413,0.0000000e+00,4.4330000e+00,0.0000000e+00,Z(4430)+,3.1700598e-04
459,0,3,541,541,1.3490661e-01,6.2756000e+00,0.0000000e+00,B_c+,0.0000000e+00
460,2,0,533,533,0.0000000e+00,5.4154000e+00,1.0000000e-04,B_s*0,6.5821220e-06
461,2,0,0,100113,0.0000000e+00,1.4650000e+00,5.0000000e-01,rho(2S)0,4.0000000e-01
462,0,-6,0,-1000020040,0.0000000e+00,3.7274170e+00,0.0000000e+00,anti-alpha,0.0000000e+00
463,2,-2,1103,1103,0.0000000e+00,0.0000000e+00,0.0000000e+00,dd_1,0.0000000e+00
464,1,-3,3312,3312,4.9135984e+01,1.3217100e+00,0.0000000e+00,Xi-,0.0000000e+00
465,5,0,0,3126,0.0000000e+00,1.8200000e+00,4.0000000e-01,Lambda(1820)0,8.0000000e-02
466,1,0,-5212,-5212,0.0000000e+00,5.8078000e+00,1.0000000e-04,anti-Sigma_b0,6.5821220e-06
467,1,3,-5112,-5112,0.0000000e+00,5.8155000e+00,1.0000000e-04,anti-Sigma_b+,4.9000000e-03
468,0,1,4101,4101,0.0000000e+00,0.0000000e+00,0.0000000e+00,cd_0,0.0000000e+00
469,2,-1,-4303,-4303,0.0000000e+00,0.0000000e+00,0.0000000e+00,anti-cs_1,0.0000000e+00
470,2,3,10323,10323,0.0000000e+00,1.2720000e+00,2.0000000e-01,K_1+,9.0000000e-02
471,0,-3,-37,-37,0.0000000e+00,3.1000000e+02,0.0000000e+00,Higgs-,7.0022575e+00
472,0,0,-10311,-10311,0.0000000e+00,1.4250000e+00,6.0000000e-01,anti-K_0*0,2.7000000e-01
473,3,0,-4314,-4314,0.0000000e+00,2.6459000e+00,0.0000000e+00,anti-Xi_c*0,0.0000000e+00
474,1,3,-3312,-3312,4.9135984e+01,1.3217100e+00,0.0000000e+00,anti-Xi+,0.0000000e+00
475,2,0,0,-100423,0.0000000e+00,2.6400000e+00,0.0000000e+00,anti-D*(2S)0,0.0000000e+00
476,2,2,-1103,-1103,0.0000000e+00,0.0000000e+00,0.0000000e+00,anti-dd_1,0.0000000e+00
477,1,1,-7,-7,0.0000000e+00,4.0000000e+02,0.0000000e+00,anti-b',0.0000000e+00
478,0,-3,-10211,-9000211,0.0000000e+00,9.8000000e-01,5.0000000e-02,a_0-,7.5000000e-02
479,1,0,-16,-16,0.0000000e+00,0.0000000e+00,0.0000000e+00,anti-nu_tau,0.0000000e+00
480,2,0,32,32,0.0000000e+00,5.0000000e+02,0.0000000e+00,Z'0,0.0000000e+00
481,2,0,21,21,0.0000000e+00,0.0000000e+00,0.0000000e+00,g,0.0000000e+00
482,1,0,16,16,0.0000000e+00,0.0000000e+00,0.0000000e+00,nu_tau,0.0000000e+00
483,1,2,4,4,0.0000000e+00,1.3500000e+00,0.0000000e+00,c,0.0000000e+00
484,6,0,100557,100557,0.0000000e+00,1.0444300e+01,0.0000000e+00,Upsilon_3(2D),0.0000000e+00
485,3,0,0,13124,0.0000000e+00,1.6900000e+00,3.0000000e-01,Lambda(1690)0,6.0000000e-02
486,0,0,10221,9010221,0.0000000e+00,9.9000000e-01,5.0000000e-03,f_0,7.0000000e-02
487,0,0,0,100111,0.0000000e+00,1.3000000e+00,5.0000000e-01,pi(2S)0,4.0000000e-01
488,3,3,4214,4214,0.0000000e+00,2.5175000e+00,3.0000000e-02,Sigma_c*+,2.0000000e-03
489,1,0,0,23212,0.0000000e+00,1.7500000e+00,4.5000000e-01,Sigma(1750)0,9.0000000e-02
490,2,-3,-10413,-10413,0.0000000e+00,2.4230000e+00,2.7000000e-01,D_1-,2.0006450e-02
491,0,2,-5101,-5101,0.0000000e+00,0.0000000e+00,0.0000000e+00,anti-bd_0,0.0000000e+00
492,2,-3,-10543,-10543,0.0000000e+00,7.3000000e+00,6.0000000e-02,B_c1-,0.0000000e+00
493,0,3,0,100411,0.0000000e+00,2.5800000e+00,0.0000000e+00,D(2S)+,0.0000000e+00
494,3,-3,-4214,-4214,0.0000000e+00,2.5175000e+00,3.0000000e-02,anti-Sigma_c*-,2.0000000e-03
495,1,0,-5122,-5122,4.1371359e-01,5.6195000e+00,0.0000000e+00,anti-Lambda_b0,0.0000000e+00
496,2,0,0,30113,0.0000000e+00,1.7200000e+00,5.0000000e-01,rho(3S)0,2.5000000e-01
497,2,2,-5503,-5503,0.0000000e+00,0.0000000e+00,0.0000000e+00,anti-bb_1,0.0000000e+00
498,1,-3,5112,5112,0.0000000e+00,5.8155000e+00,1.0000000e-04,Sigma_b-,4.9000000e-03
499,1,0,0,-23212,0.0000000e+00,1.7500000e+00,4.5000000e-01,anti-Sigma(1750)0,9.0000000e-02
500,3,-6,-4224,-4224,0.0000000e+00,2.5179000e+00,9.2000000e-02,anti-Sigma_c*--,1.4900000e-02
501,3,6,4224,4224,0.0000000e+00,2.5179000e+00,9.2000000e-02,Sigma_c*++,1.4900000e-02
502,0,0,0,530,4.6074353e-01,5.3663000e+00,0.0000000e+00,B_s0H,0.0000000e+00
503,1,3,-17,-17,0.0000000e+00,4.0000000e+02,0.0000000e+00,L+,0.0000000e+00
504,1,0,-5232,-5232,4.2570529e-01,5.7931000e+00,0.0000000e+00,anti-Xi_b0,0.0000000e+00
505,2,0,22,22,0.0000000e+00,0.0000000e+00,0.0000000e+00,gamma,0.0000000e+00
506,0,0,0,30643,0.0000000e+00,1.6000000e+00,9.6700000e-01,Xdd,5.0000000e-01
507,0,0,0,-30643,0.0000000e+00,1.6000000e+00,9.6700000e-01,anti-Xdd,5.0000000e-01
508,0,3,0,30653,0.0000000e+00,1.6000000e+00,9.6700000e-01,Xdu+,5.0000000e-01
509,0,-3,0,-30653,0.0000000e+00,1.6000000e+00,9.6700000e-01,anti-Xdu-,5.0000000e-01
510,4,0,0,9000113,5.9796000e-13,1.3540000e+00,0.0000000e+00,pi(1)(1400)0,3.3000000e-01
511,4,3,0,9000213,5.9796000e-13,1.3540000e+00,0.0000000e+00,pi(1)(1400)+,3.3000000e-01
512,0,0,0,9020221,3.8616000e-12,1.4088000e+00,0.0000000e+00,eta(1405),5.1000000e-02
513,0,0,0,10111,7.4463000e-13,1.4740000e+00,0.0000000e+00,a(0)(1450)0,2.6500000e-01
514,0,3,0,10211,7.4463000e-13,1.4740000e+00,0.0000000e+00,a(0)(1450)+,2.6500000e-01
515,0,0,0,100331,2.3215000e-12,1.4760000e+00,0.0000000e+00,eta(1475),8.5000000e-02
516,4,0,0,9010113,8.2220000e-13,1.6620000e+00,0.0000000e+00,pi(1)(1600)0,2.4100000e-01
517,4,3,0,9010213,8.2220000e-13,1.6620000e+00,0.0000000e+00,pi(1)(1600)+,2.4100000e-01
518,8,0,0,10225,1.0902000e-12,1.6170000e+00,0.0000000e+00,eta(2)(1645),1.8100000e-01
519,12,0,0,227,1.1746000e-12,1.6670000e+00,0.0000000e+00,omega(3)(1670),1.6800000e-01
520,8,0,0,10115,7.5895000e-13,1.6722000e+00,0.0000000e+00,pi(2)(1670)0,2.6000000e-01
521,8,3,0,10215,7.5895000e-13,1.6722000e+00,0.0000000e+00,pi(2)(1670)+,2.6000000e-01
522,12,0,0,117,1.2256000e-12,1.6888000e+00,0.0000000e+00,rho(3)(1690)0,1.6100000e-01
523,12,3,0,217,1.2256000e-12,1.6888000e+00,0.0000000e+00,rho(3)(1690)+,1.6100000e-01
524,0,0,0,10331,1.4617000e-12,1.7220000e+00,0.0000000e+00,f(0)(1710),1.3500000e-01
525,0,0,0,9010111,9.4869000e-13,1.8120000e+00,0.0000000e+00,pi(1800)0,2.0800000e-01
526,0,3,0,9010211,9.4869000e-13,1.8120000e+00,0.0000000e+00,pi(1800)+,2.0800000e-01
527,12,0,0,337,2.2681000e-12,1.8540000e+00,0.0000000e+00,phi(3)(1850),8.7000000e-02
528,8,0,0,9050225,4.1807000e-13,1.9440000e+00,0.0000000e+00,f(2)(1950),4.7200000e-01
529,8,0,0,9060225,9.8663000e-13,2.0110000e+00,0.0000000e+00,f(2)(2010),2.0200000e-01
530,16,0,0,119,7.7383000e-13,1.9960000e+00,0.0000000e+00,a(4)(2040)0,2.5500000e-01
531,16,3,0,219,7.7383000e-13,1.9960000e+00,0.0000000e+00,a(4)(2040)+,2.5500000e-01
532,16,0,0,229,8.3260000e-13,2.0180000e+00,0.0000000e+00,f(4)(2050),2.3700000e-01
533,8,0,0,9080225,1.3155000e-12,2.2970000e+00,0.0000000e+00,f(2)(2300),1.4900000e-01
534,8,0,0,9090225,6.1665000e-13,2.3390000e+00,0.0000000e+00,f(2)(2340),3.1900000e-01
535,8,0,0,10315,1.0609000e-12,1.7730000e+00,0.0000000e+00,K(2)(1770)0,1.8600000e-01
536,8,3,0,10325,1.0609000e-12,1.7730000e+00,0.0000000e+00,K(2)(1770)+,1.8600000e-01
537,8,0,0,20315,7.1495000e-13,1.8160000e+00,0.0000000e+00,K(2)(1820)0,2.7600000e-01
538,8,3,0,20325,7.1495000e-13,1.8160000e+00,0.0000000e+00,K(2)(1820)+,2.7600000e-01
